<?xml version="1.0" encoding="UTF-8"?>
<feature
      id="org.jkiss.dbeaver.ui.feature"
      label="%featureName"
      version="21.2.2.202110030714"
      provider-name="%providerName">

   <description>
      %description
   </description>

   <copyright>
      %copyright
   </copyright>

   <includes
         id="org.jkiss.dbeaver.runtime.feature"
         version="21.2.2.202110030714"/>

   <requires>
      <import plugin="org.eclipse.core.expressions" version="0.0.0" match="greaterOrEqual"/>
      <import plugin="org.eclipse.ui" version="0.0.0" match="greaterOrEqual"/>
      <import plugin="org.eclipse.ui.workbench" version="0.0.0" match="greaterOrEqual"/>
      <import plugin="org.eclipse.ui.workbench.texteditor" version="0.0.0" match="greaterOrEqual"/>
      <import plugin="org.eclipse.swt" version="0.0.0" match="greaterOrEqual"/>
      <import plugin="org.eclipse.jface" version="0.0.0" match="greaterOrEqual"/>
      <import plugin="org.eclipse.jface.text" version="0.0.0" match="greaterOrEqual"/>
      <import plugin="org.eclipse.ui.views" version="0.0.0" match="greaterOrEqual"/>
      <import plugin="org.eclipse.search" version="0.0.0" match="greaterOrEqual"/>
   </requires>

   <plugin
         id="org.jkiss.dbeaver.core"
         download-size="605"
         install-size="1594"
         version="21.2.2.202110030714"
         unpack="false"/>

   <plugin
         id="org.jkiss.dbeaver.net.ssh.ui"
         download-size="30"
         install-size="61"
         version="1.0.87.202110030714"
         unpack="false"/>

   <plugin
         id="org.jkiss.dbeaver.ui"
         download-size="1047"
         install-size="1710"
         version="5.1.81.202110030714"
         unpack="false"/>

   <plugin
         id="org.jkiss.dbeaver.ui.editors.acl"
         download-size="28"
         install-size="54"
         version="1.0.62.202110030714"
         unpack="false"/>

   <plugin
         id="org.jkiss.dbeaver.ui.editors.base"
         download-size="249"
         install-size="526"
         version="1.0.66.202110030714"
         unpack="false"/>

   <plugin
         id="org.jkiss.dbeaver.ui.editors.connection"
         download-size="264"
         install-size="624"
         version="1.0.57.202110030714"
         unpack="false"/>

   <plugin
         id="org.jkiss.dbeaver.ui.editors.data"
         download-size="1250"
         install-size="2978"
         version="1.0.66.202110030714"
         unpack="false"/>

   <plugin
         id="org.jkiss.dbeaver.ui.editors.entity"
         download-size="5"
         install-size="6"
         version="1.0.66.202110030714"
         unpack="false"/>

   <plugin
         id="org.jkiss.dbeaver.ui.editors.hex"
         download-size="160"
         install-size="308"
         version="1.0.66.202110030714"
         unpack="false"/>

   <plugin
         id="org.jkiss.dbeaver.ui.editors.image"
         download-size="36"
         install-size="61"
         version="1.0.66.202110030714"
         unpack="false"/>

   <plugin
         id="org.jkiss.dbeaver.ui.editors.json"
         download-size="20"
         install-size="32"
         version="1.0.50.202110030714"
         unpack="false"/>

   <plugin
         id="org.jkiss.dbeaver.ui.editors.sql"
         download-size="819"
         install-size="2007"
         version="1.0.66.202110030714"
         unpack="false"/>

   <plugin
         id="org.jkiss.dbeaver.ui.editors.session"
         download-size="43"
         install-size="91"
         version="1.0.44.202110030714"
         unpack="false"/>

   <plugin
         id="org.jkiss.dbeaver.ui.editors.xml"
         download-size="28"
         install-size="49"
         version="1.0.66.202110030714"
         unpack="false"/>

   <plugin
         id="org.jkiss.dbeaver.ui.navigator"
         download-size="699"
         install-size="1667"
         version="1.0.66.202110030714"
         unpack="false"/>

   <plugin
         id="org.jkiss.dbeaver.ui.search"
         download-size="85"
         install-size="169"
         version="1.0.57.202110030714"
         unpack="false"/>

   <plugin
          id="org.eclipse.draw2dl"
          download-size="592"
          install-size="1105"
          version="3.12.100.20211001145351"
          unpack="false"/>

   <plugin
          id="org.eclipse.gef3"
          download-size="940"
          install-size="1635"
          version="3.12.100.20211001145351"
          unpack="false"/>

   <plugin
         id="org.jkiss.dbeaver.erd.ui"
         download-size="360"
         install-size="773"
         version="3.0.26.202110030714"
         unpack="false"/>

   <plugin
         id="org.jkiss.dbeaver.data.transfer.ui"
         download-size="279"
         install-size="648"
         version="1.0.50.202110030714"
         unpack="false"/>

   <plugin
         id="org.jkiss.dbeaver.data.gis.view"
         download-size="220"
         install-size="627"
         version="1.0.61.202110030714"
         unpack="false"/>

   <plugin
         id="org.jkiss.bundle.jfreechart"
         download-size="1852"
         install-size="2027"
         version="1.0.22"
         unpack="false"/>

   <plugin
         id="org.jkiss.dbeaver.ui.charts"
         download-size="22"
         install-size="38"
         version="1.0.63.202110030714"
         unpack="false"/>

</feature>
