<?xml version="1.0" encoding="UTF-8"?>
<feature
        id="org.jkiss.dbeaver.runtime.feature"
        label="%featureName"
        version="21.2.2.202110030714"
        provider-name="%providerName"
        plugin="org.jkiss.dbeaver.model">

    <description>
        %description
    </description>

    <copyright>
        %copyright
    </copyright>

    <license url="%licenseURL">
        %license
    </license>

    <requires>
        <import plugin="org.eclipse.core.runtime"/>
        <import plugin="org.eclipse.core.resources"/>
        <import plugin="org.eclipse.core.expressions"/>
    </requires>

    <plugin id="org.jkiss.utils" download-size="110" install-size="216" version="2.1.149.202110030714" unpack="false"/>
    <plugin id="org.jkiss.dbeaver.slf4j" download-size="7" install-size="13" version="2.0.36.202110030714" unpack="false"/>
    <plugin id="org.jkiss.dbeaver.model" download-size="1842" install-size="3905" version="1.0.155.202110030714" unpack="false"/>
    <plugin id="org.jkiss.dbeaver.model.sql" download-size="257" install-size="535" version="1.0.56.202110030714" unpack="false"/>
    <plugin id="org.jkiss.dbeaver.registry" download-size="414" install-size="952" version="1.0.60.202110030714" unpack="false"/>
    <plugin id="org.jkiss.dbeaver.net.ssh" download-size="59" install-size="91" version="1.0.87.202110030714" unpack="false"/>
    <plugin id="org.jkiss.dbeaver.net.ssh.jsch" download-size="17" install-size="29" version="1.1.76.202110030714" unpack="false"/>
    <plugin id="org.jkiss.dbeaver.cmp.simple" download-size="24" install-size="44" version="6.0.62.202110030714" unpack="false"/>
    <plugin id="org.jkiss.dbeaver.data.transfer" download-size="312" install-size="794" version="2.0.50.202110030714" unpack="false"/>
    <plugin id="org.jkiss.dbeaver.tasks.native" download-size="34" install-size="67" version="1.0.44.202110030714" unpack="false"/>
    <plugin id="org.jkiss.dbeaver.erd.model" download-size="53" install-size="115" version="1.0.26.202110030714" unpack="false"/>

    <!-- GIS -->
    <plugin id="org.jkiss.dbeaver.data.gis" download-size="32" install-size="60" version="1.0.90.202110030714" unpack="false"/>
    <plugin id="org.jkiss.bundle.gis" download-size="1499" install-size="1648" version="2.0.5" unpack="false"/>

    <!-- 3rd party -->
    <plugin id="com.github.jsqlparser" download-size="837" install-size="2147" version="4.2.0" unpack="false"/>
    <plugin id="org.apache.commons.jexl" download-size="388" install-size="840" version="3.1.0" unpack="false"/>
    <plugin id="com.google.gson" download-size="262" install-size="521" version="2.8.6.v20201231-1626"/>

</feature>
