<?xml version="1.0" encoding="UTF-8"?>
<feature
      id="org.jkiss.dbeaver.rcp.feature"
      label="%featureName"
      version="2.1.141.202110030714"
      provider-name="%providerName">

    <description>
      %description
    </description>

    <copyright>
      %copyright
    </copyright>

    <license url="%licenseURL">
      %license
    </license>

<!--
    <includes id="org.eclipse.rcp" version="0.0.0"/>

    <plugin id="com.ibm.icu.base" download-size="0" install-size="0" version="0.0.0" unpack="false"/>
    <plugin id="org.eclipse.draw2d" download-size="0" install-size="0" version="0.0.0" unpack="false"/>
    <plugin id="org.eclipse.gef" download-size="0" install-size="0" version="0.0.0" unpack="false"/>
-->

    <requires>
        <import plugin="org.eclipse.core.runtime" version="3.7" match="greaterOrEqual"/>
    </requires>

    <plugin id="com.ibm.icu.base" download-size="181" install-size="380" version="58.2.0.v20170418-1837" unpack="false"/>

    <plugin id="javax.annotation" download-size="46" install-size="115" version="1.3.5.v20200909-1856" unpack="false"/>
    <plugin id="javax.inject" download-size="14" install-size="24" version="1.0.0.v20091030" unpack="false"/>

    <plugin id="org.w3c.css.sac" download-size="35" install-size="61" version="1.3.1.v200903091627" unpack="false"/>

    <plugin id="org.apache.batik.css" download-size="353" install-size="712" version="1.14.0.v20210324-0332" unpack="false"/>
    <plugin id="org.apache.batik.util" download-size="144" install-size="283" version="1.14.0.v20210324-0332" unpack="false"/>

    <plugin id="org.apache.commons.io" download-size="302" install-size="604" version="2.8.0.v20210415-0900" unpack="false"/>

    <plugin id="org.eclipse.compare.core" download-size="66" install-size="127" version="3.6.1000.v20201020-1107" unpack="false"/>
    <plugin id="org.eclipse.core.commands" download-size="112" install-size="213" version="3.10.0.v20210401-0744" unpack="false"/>
    <plugin id="org.eclipse.core.contenttype" download-size="98" install-size="207" version="3.7.1000.v20210409-1722" unpack="false"/>
    <plugin id="org.eclipse.core.databinding" download-size="180" install-size="420" version="1.10.100.v20200926-1123" unpack="false"/>
    <plugin id="org.eclipse.core.databinding.observable" download-size="306" install-size="726" version="1.10.0.v20200730-0848" unpack="false"/>
    <plugin id="org.eclipse.core.databinding.property" download-size="161" install-size="431" version="1.8.100.v20200619-0651" unpack="false"/>
    <plugin id="org.eclipse.core.expressions" download-size="90" install-size="178" version="3.7.100.v20210203-1000" unpack="false"/>
    <plugin id="org.eclipse.core.filesystem" download-size="68" install-size="128" version="1.9.0.v20210419-1155" unpack="false"/>
    <plugin id="org.eclipse.core.jobs" download-size="105" install-size="208" version="3.11.0.v20210420-1453" unpack="false"/>
    <plugin id="org.eclipse.core.resources" download-size="877" install-size="1912" version="3.15.0.v20210521-0722" unpack="false"/>
    <plugin id="org.eclipse.e4.core.commands" download-size="25" install-size="46" version="1.0.0.v20210507-1901" unpack="false"/>
    <plugin id="org.eclipse.e4.core.contexts" download-size="47" install-size="93" version="1.8.400.v20191217-1710" unpack="false"/>
    <plugin id="org.eclipse.e4.core.di" download-size="51" install-size="107" version="1.7.800.v20210526-1618" unpack="false"/>
    <plugin id="org.eclipse.e4.core.di.extensions" download-size="11" install-size="14" version="0.16.0.v20200507-0938" unpack="false"/>
    <plugin id="org.eclipse.e4.core.services" download-size="68" install-size="125" version="2.2.600.v20210110-1654" unpack="false"/>
    <plugin id="org.eclipse.e4.ui.bindings" download-size="44" install-size="92" version="0.13.0.v20201119-1132" unpack="false"/>
    <plugin id="org.eclipse.e4.ui.css.core" download-size="210" install-size="430" version="0.13.0.v20201015-0653" unpack="false"/>
    <plugin id="org.eclipse.e4.ui.css.swt" download-size="200" install-size="415" version="0.14.200.v20210401-1241" unpack="false"/>
    <plugin id="org.eclipse.e4.ui.css.swt.theme" download-size="27" install-size="50" version="0.13.0.v20201026-1147" unpack="false"/>
    <plugin id="org.eclipse.e4.ui.di" download-size="16" install-size="23" version="1.3.0.v20210222-1018" unpack="false"/>
    <plugin id="org.eclipse.e4.ui.model.workbench" download-size="388" install-size="1179" version="2.1.1000.v20210111-0958" unpack="false"/>
    <plugin id="org.eclipse.e4.ui.services" download-size="24" install-size="38" version="1.5.0.v20210115-1333" unpack="false"/>
    <plugin id="org.eclipse.e4.ui.widgets" download-size="13" install-size="21" version="1.2.900.v20210412-0842" unpack="false"/>
    <plugin id="org.eclipse.e4.ui.workbench" download-size="255" install-size="546" version="1.13.0.v20210521-0741" unpack="false"/>

    <plugin id="org.eclipse.e4.ui.workbench.renderers.swt" download-size="244" install-size="553" version="0.15.100.v20210515-1815" unpack="false"/>
    <plugin id="org.eclipse.e4.ui.workbench.renderers.swt.cocoa" os="macosx" ws="cocoa" download-size="29" install-size="53" version="0.12.600.v20200416-0656" fragment="true" unpack="false"/>

    <plugin id="org.eclipse.e4.ui.workbench3" download-size="20" install-size="33" version="0.15.500.v20201021-1339" unpack="false"/>
    <plugin id="org.eclipse.e4.ui.workbench.swt" download-size="143" install-size="287" version="0.16.100.v20210315-1604" unpack="false"/>
    <plugin id="org.eclipse.e4.ui.workbench.addons.swt" download-size="115" install-size="247" version="1.4.200.v20210321-1910" unpack="false"/>

    <plugin id="org.eclipse.emf.common" download-size="366" install-size="766" version="2.22.0.v20210319-0732" unpack="false"/>
    <plugin id="org.eclipse.emf.ecore" download-size="1290" install-size="3184" version="2.24.0.v20210405-0628" unpack="false"/>
    <plugin id="org.eclipse.emf.ecore.change" download-size="100" install-size="218" version="2.14.0.v20190528-0725" unpack="false"/>
    <plugin id="org.eclipse.emf.ecore.xmi" download-size="229" install-size="488" version="2.16.0.v20190528-0725" unpack="false"/>
    <plugin id="org.apache.felix.scr" download-size="411" install-size="960" version="2.1.24.v20200924-1939" unpack="false"/>
    <plugin id="org.eclipse.equinox.app" download-size="87" install-size="176" version="1.5.100.v20210212-1143" unpack="false"/>
    <plugin id="org.eclipse.equinox.bidi" download-size="50" install-size="93" version="1.3.100.v20210212-1143" unpack="false"/>
    <plugin id="org.eclipse.equinox.common" download-size="139" install-size="269" version="3.15.0.v20210518-0604" unpack="false"/>
    <plugin id="org.eclipse.equinox.event" download-size="32" install-size="58" version="1.6.0.v20210212-1143" unpack="false"/>
    <plugin id="org.eclipse.equinox.launcher" download-size="52" install-size="93" version="1.6.200.v20210416-2027" unpack="false"/>
    <plugin id="org.eclipse.equinox.preferences" download-size="133" install-size="274" version="3.8.200.v20210212-1143" unpack="false"/>
    <plugin id="org.eclipse.equinox.registry" download-size="190" install-size="400" version="3.10.200.v20210503-1606" unpack="false"/>
    <plugin id="org.eclipse.equinox.simpleconfigurator" download-size="45" install-size="85" version="1.4.0.v20210315-2228" unpack="false"/>
<!--    Was removed in 2019-12? -->
<!--    <plugin id="org.eclipse.equinox.util" download-size="0" install-size="0" version="0.0.0" unpack="false"/>-->
    <plugin id="org.eclipse.help" download-size="266" install-size="682" version="3.9.0.v20210507-0822" unpack="false"/>
    <plugin id="org.eclipse.jface" download-size="1103" install-size="2241" version="3.22.200.v20210401-0958" unpack="false"/>
    <plugin id="org.eclipse.jface.databinding" download-size="291" install-size="672" version="1.12.200.v20210111-0911" unpack="false"/>
    <plugin id="org.eclipse.jface.notifications" download-size="25" install-size="42" version="0.3.0.v20210218-1820" unpack="false"/>
    <plugin id="org.eclipse.jface.text" download-size="1021" install-size="2137" version="3.18.0.v20210512-1640" unpack="false"/>

    <plugin id="org.eclipse.osgi" download-size="1456" install-size="3133" version="3.16.300.v20210525-1715" unpack="false"/>
    <plugin id="org.eclipse.osgi.services" download-size="125" install-size="201" version="3.10.100.v20210324-0936" unpack="false"/>
    <plugin id="org.eclipse.osgi.compatibility.state" download-size="242" install-size="596" version="1.2.400.v20210401-1438" unpack="false"/>
    <plugin id="org.eclipse.osgi.util" download-size="71" install-size="148" version="3.6.0.v20210212-1137" unpack="false"/>

    <plugin id="org.eclipse.swt" download-size="16" install-size="33" version="3.116.100.v20210602-2209" unpack="false"/>

    <plugin id="org.eclipse.text" download-size="288" install-size="577" version="3.12.0.v20210512-1644" unpack="false"/>
    <plugin id="org.eclipse.ui" download-size="432" install-size="544" version="3.119.0.v20210111-1350" unpack="false"/>
    <plugin id="org.eclipse.ui.forms" download-size="323" install-size="642" version="3.11.100.v20210108-1139" unpack="false"/>
    <plugin id="org.eclipse.ui.views" download-size="104" install-size="187" version="3.11.0.v20210111-1351" unpack="false"/>
    <plugin id="org.eclipse.ui.views.log" download-size="169" install-size="292" version="1.2.1500.v20210315-1034" unpack="false"/>
    <plugin id="org.eclipse.ui.workbench" download-size="3472" install-size="7436" version="3.122.200.v20210506-1640" unpack="false"/>
    <plugin id="org.eclipse.ui.workbench.texteditor" download-size="653" install-size="1376" version="3.16.100.v20210512-1009" unpack="false"/>

    <plugin id="org.eclipse.ui.intro" download-size="337" install-size="661" version="3.6.200.v20210409-1747" unpack="false"/>
    <plugin id="org.eclipse.ui.themes" download-size="37" install-size="99" version="1.2.1400.v20210315-1604"/>

    <plugin id="org.eclipse.update.configurator" download-size="94" install-size="189" version="3.4.800.v20210415-1314"/>

    <!-- Quick search. Includes minimized ant bundle. -->

<!--    <plugin id="org.apache.ant" download-size="0" install-size="0" version="0.0.0"/>-->
    <plugin id="org.eclipse.text.quicksearch" download-size="94" install-size="184" version="1.1.100.v20210426-1601"/>

    <!-- GEF -->

    <!-- IDE plugin -->

    <plugin id="org.eclipse.ui.ide" download-size="2421" install-size="4780" version="3.18.200.v20210523-1724" unpack="false"/>
    <plugin id="org.eclipse.ui.editors" download-size="607" install-size="1344" version="3.14.100.v20210513-1110"/>

    <!-- Eclipse Mars additions -->

    <plugin id="org.eclipse.e4.core.di.annotations" download-size="11" install-size="15" version="1.6.600.v20191216-2352" unpack="false"/>
    <plugin id="org.eclipse.e4.emf.xpath" download-size="50" install-size="98" version="0.2.800.v20200609-0849" unpack="false"/>
    <plugin id="org.apache.commons.jxpath" download-size="317" install-size="658" version="1.3.0.v200911051830" unpack="false"/>

    <!-- 3rd party -->

    <plugin id="com.jcraft.jsch" download-size="297" install-size="539" version="0.1.55.v20190404-1902" unpack="false"/>
    <plugin id="org.apache.commons.logging" download-size="71" install-size="145" version="1.2.0.v20180409-1502" unpack="false"/>
    <plugin id="org.objectweb.asm" download-size="130" install-size="260" version="9.1.0.v20210209-1849" unpack="false"/>

    <!-- OS dependent -->

    <plugin id="org.eclipse.core.resources.win32.x86_64" os="win32" arch="x86_64" download-size="57" install-size="109" version="3.5.400.v20190812-0909" fragment="true" unpack="false"/>
    <plugin id="org.eclipse.core.filesystem.win32.x86_64" os="win32" arch="x86_64" download-size="37" install-size="73" version="1.4.200.v20190812-0909" fragment="true" unpack="false"/>
    <plugin id="org.eclipse.swt.win32.win32.x86_64" os="win32" ws="win32" arch="x86_64" download-size="2422" install-size="5115" version="3.116.100.v20210602-2209" fragment="true" unpack="false"/>
    <plugin id="org.eclipse.e4.ui.swt.win32" ws="win32" download-size="10" install-size="14" version="1.1.0.v20201119-1132" unpack="false"/>

    <plugin id="org.eclipse.core.filesystem.linux.x86_64" os="linux" arch="x86_64" download-size="11" install-size="21" version="1.2.300.v20180828-0158" fragment="true" unpack="false"/>
    <plugin id="org.eclipse.swt.gtk.linux.x86_64" os="linux" ws="gtk" arch="x86_64" download-size="2050" install-size="4738" version="3.116.100.v20210602-2209" fragment="true" unpack="false"/>
    <plugin id="org.eclipse.e4.ui.swt.gtk" ws="gtk" download-size="10" install-size="14" version="1.1.100.v20210108-1832" unpack="false"/>

    <plugin id="org.eclipse.core.filesystem.macosx" os="macosx" download-size="25" install-size="160" version="1.3.300.v20210427-1937" fragment="true" unpack="false"/>
    <plugin id="org.eclipse.swt.cocoa.macosx.x86_64" os="macosx" ws="cocoa" arch="x86_64" download-size="2107" install-size="5031" version="3.116.100.v20210602-2209" fragment="true" unpack="false"/>
    <plugin id="org.eclipse.swt.cocoa.macosx.aarch64" os="macosx" ws="cocoa" arch="aarch64" download-size="2102" install-size="5026" version="3.116.100.v20210602-2209" fragment="true" unpack="false"/>
    <plugin id="org.eclipse.ui.cocoa" os="macosx" ws="cocoa" download-size="9" install-size="13" version="1.2.400.v20191217-1850" fragment="true" unpack="false"/>

    <!-- JNA explicit version deps -->
    <plugin id="com.sun.jna" download-size="1724" install-size="4777" version="5.8.0.v20210503-0343" unpack="false"/>
    <plugin id="com.sun.jna.platform" download-size="1444" install-size="2885" version="5.8.0.v20210406-1004" unpack="false"/>

</feature>
