<?xml version="1.0" encoding="UTF-8"?>
<feature
        id="org.jkiss.dbeaver.standalone.feature"
        label="%featureName"
        version="21.2.2.202110030714"
        provider-name="%providerName"
        plugin="org.jkiss.dbeaver.ui.app.standalone">

    <description>
        %description
    </description>

    <copyright>
        %copyright
    </copyright>

    <license url="%licenseURL">
        %license
    </license>

    <url>
        <update label="DBeaver Universal Database Manager" url="https://dbeaver.io/"/>
    </url>

    <requires>
        <import plugin="org.apache.commons.logging" match="greaterOrEqual"/>
        <import plugin="com.jcraft.jsch" match="greaterOrEqual"/>
        <import plugin="org.objectweb.asm" match="greaterOrEqual"/>
    </requires>

    <includes id="org.jkiss.dbeaver.rcp.feature" version="2.1.141.202110030714"/>

    <includes id="org.jkiss.dbeaver.runtime.feature" version="21.2.2.202110030714"/>
    <includes id="org.jkiss.dbeaver.ui.feature" version="21.2.2.202110030714"/>
    <includes id="org.jkiss.dbeaver.db.feature" version="1.0.57.202110030714"/>
    <includes id="org.jkiss.dbeaver.db.ui.feature" version="1.0.57.202110030714"/>

    <!-- Additional plugins for standalone version -->

    <plugin id="org.jkiss.dbeaver.ext.sample.database" download-size="419" install-size="1127" version="1.0.103.202110030714" unpack="false"/>
    <plugin id="org.jkiss.dbeaver.ext.ui.tipoftheday" download-size="24" install-size="46" version="1.0.72.202110030714" unpack="false"/>

    <!-- P2 for RCP -->
    <!-- Do not include p2.rcp as we don't need auto-update and scheduler -->
<!--    <includes id="org.eclipse.equinox.p2.rcp.feature" version="0.0.0"/>-->
<!--    <includes id="org.eclipse.equinox.p2.user.ui" version="0.0.0"/>-->

    <includes id="org.eclipse.equinox.p2.core.feature" version="1.6.1000.v20210507-0825"/>
    <plugin id="org.eclipse.equinox.p2.ui" download-size="611" install-size="1183" version="2.7.100.v20210426-1115" unpack="false"/>
    <plugin id="org.eclipse.equinox.p2.ui.sdk" download-size="51" install-size="93" version="1.2.0.v20210114-1214" unpack="false"/>
    <plugin id="org.eclipse.equinox.security.ui" download-size="167" install-size="318" version="1.3.0.v20210121-0947" unpack="false"/>

    <plugin id="org.eclipse.equinox.p2.updatesite" download-size="98" install-size="229" version="1.2.0.v20210322-0909" unpack="false"/>
    <plugin id="org.eclipse.equinox.p2.ui.importexport" download-size="127" install-size="242" version="1.3.100.v20210415-1446" unpack="false"/>

    <includes id="org.eclipse.equinox.p2.discovery.feature" version="1.2.900.v20210418-1743"/>
    <includes id="org.eclipse.equinox.p2.extras.feature" version="1.4.1200.v20210507-0825"/>



    <plugin id="org.eclipse.ui.ide.application" download-size="110" install-size="214" version="1.4.100.v20210506-1050" unpack="false"/>

    <!-- EGit and other requirements -->
    <plugin id="org.eclipse.ui.net" download-size="45" install-size="84" version="1.4.0.v20210426-0838"/>
    <plugin id="org.eclipse.jsch.core" download-size="40" install-size="75" version="1.3.900.v20200422-1935"/>
    <plugin id="org.eclipse.jsch.ui" download-size="91" install-size="180" version="1.4.0.v20210426-0843"/>
    <plugin id="org.eclipse.core.variables" download-size="35" install-size="64" version="3.5.0.v20210510-1945"/>
    <!--<plugin id="org.eclipse.ui.cheatsheets" download-size="0" install-size="0" version="0.0.0"/>-->

    <!-- Include org.eclipse.ui.themes because it was added only in 4.4 -->
    <plugin id="org.eclipse.ui.themes" download-size="37" install-size="99" version="1.2.1400.v20210315-1604"/>

    <!-- Custom stuff -->
    <plugin id="org.apache.commons.cli" download-size="64" install-size="129" version="1.4.0.v20200417-1444" unpack="false"/>


</feature>
